{
  "project_info": {
    "project_number": "620654844689",
    "project_id": "app-puertomaps-5573b",
    "storage_bucket": "app-puertomaps-5573b.firebasestorage.app"
  },
  "client": [
    {
      "client_info": {
        "mobilesdk_app_id": "1:620654844689:android:80649155bc49deb5440ab0",
        "android_client_info": {
          "package_name": "com.example.app_puertomaps"
        }
      },
      "oauth_client": [],
      "api_key": [
        {
          "current_key": "AIzaSyD3avampDvHTt4dLJPE5rpUWvuUbb4awkg"
        }
      ],
      "services": {
        "appinvite_service": {
          "other_platform_oauth_client": []
        }
      }
    }
  ],
  "configuration_version": "1"
}